{
    "0001.jpg": [
        {
            "x": 325.1171538547919,
            "y": 279.32338927783485
        }
    ]
}