{
    "sports ball": [
        {
            "image": "0000.jpg",
            "x": 207.54699495790948,
            "y": 251.48696057746423
        },
        {
            "image": "0000.jpg",
            "x": 333.6256526389397,
            "y": 326.4311916938466
        },
        {
            "image": "0002.jpg",
            "x": 278.758088648121,
            "y": 337.1375104247584
        }
    ],
    "snowboard": [
        {
            "image": "0000.jpg",
            "x": 285.76245851928934,
            "y": 253.62822432364658
        }
    ],
    "person": [
        {
            "image": "0000.jpg",
            "x": 187.70128032293252,
            "y": 422.78806027205246
        }
    ]
}